<ImportExportXml xmlns:xsi="http://www.w3.org/2001/XMLSchema-instance">
  <Entities></Entities>
  <Roles></Roles>
  <Workflows>
    <Workflow WorkflowId="{ece10e29-54e8-ed11-a7c6-000d3a5c64f9}" Name="FLOW_Child - Generate Links to Entity from ID and Type" Description="This flow generates a direct https link to a record based on an entity id and type. If you want to specify Application in which to open the record, you may provide Application ID. If it is not provided, the link will direct user to the last used application.&#xA;For your convenience, the flow also generates HTML formatted link that you can use directly in the Send Email action. If you want, you can provide alternative display text that will be used as display text in the formatted output.&#xA;If the flow errors, the output isError will be set to true, so you can check for that value in a condition or an if expression, and get the error text from the Error output.">
      <JsonFileName>/Workflows/FLOW_Child-GenerateLinkstoEntityfromIDandType-ECE10E29-54E8-ED11-A7C6-000D3A5C64F9.json</JsonFileName>
      <Type>1</Type>
      <Subprocess>0</Subprocess>
      <Category>5</Category>
      <Mode>0</Mode>
      <Scope>4</Scope>
      <OnDemand>0</OnDemand>
      <TriggerOnCreate>0</TriggerOnCreate>
      <TriggerOnDelete>0</TriggerOnDelete>
      <AsyncAutodelete>0</AsyncAutodelete>
      <SyncWorkflowLogOnFailure>0</SyncWorkflowLogOnFailure>
      <StateCode>1</StateCode>
      <StatusCode>2</StatusCode>
      <RunAs>1</RunAs>
      <IsTransacted>1</IsTransacted>
      <IntroducedVersion>1.0.0.0</IntroducedVersion>
      <IsCustomizable>1</IsCustomizable>
      <BusinessProcessType>0</BusinessProcessType>
      <IsCustomProcessingStepAllowedForOtherPublishers>1</IsCustomProcessingStepAllowedForOtherPublishers>
      <PrimaryEntity>none</PrimaryEntity>
      <LocalizedNames>
        <LocalizedName languagecode="1033" description="FLOW_Child - Generate Links to Entity from ID and Type" />
      </LocalizedNames>
      <Descriptions>
        <Description languagecode="1033" description="This flow generates a direct https link to a record based on an entity id and type. If you want to specify Application in which to open the record, you may provide Application ID. If it is not provided, the link will direct user to the last used application.&#xA;For your convenience, the flow also generates HTML formatted link that you can use directly in the Send Email action. If you want, you can provide alternative display text that will be used as display text in the formatted output.&#xA;If the flow errors, the output isError will be set to true, so you can check for that value in a condition or an if expression, and get the error text from the Error output." />
      </Descriptions>
    </Workflow>
    <Workflow WorkflowId="{341a927a-5ce8-ed11-a7c6-000d3a5c64f9}" Name="FLOW_Child - Generate Entity Set Name (aka Entity Plural Name)" Description="This flow takes an entity type and produces entity set name that can be used in lookup field assignments, e.g. it will turn 'account' into 'accounts'.&#xA;If the flow errors, the output isError will be set to true, so you can check for that value in a condition or an if expression, and get the error text from the Error output.">
      <JsonFileName>/Workflows/FLOW_Child-GenerateEntitySetNameakaEntityPluralNam-341A927A-5CE8-ED11-A7C6-000D3A5C64F9.json</JsonFileName>
      <Type>1</Type>
      <Subprocess>0</Subprocess>
      <Category>5</Category>
      <Mode>0</Mode>
      <Scope>4</Scope>
      <OnDemand>0</OnDemand>
      <TriggerOnCreate>0</TriggerOnCreate>
      <TriggerOnDelete>0</TriggerOnDelete>
      <AsyncAutodelete>0</AsyncAutodelete>
      <SyncWorkflowLogOnFailure>0</SyncWorkflowLogOnFailure>
      <StateCode>1</StateCode>
      <StatusCode>2</StatusCode>
      <RunAs>1</RunAs>
      <IsTransacted>1</IsTransacted>
      <IntroducedVersion>1.0.0.0</IntroducedVersion>
      <IsCustomizable>1</IsCustomizable>
      <BusinessProcessType>0</BusinessProcessType>
      <IsCustomProcessingStepAllowedForOtherPublishers>1</IsCustomProcessingStepAllowedForOtherPublishers>
      <PrimaryEntity>none</PrimaryEntity>
      <LocalizedNames>
        <LocalizedName languagecode="1033" description="FLOW_Child - Generate Entity Set Name (aka Entity Plural Name)" />
      </LocalizedNames>
      <Descriptions>
        <Description languagecode="1033" description="This flow takes an entity type and produces entity set name that can be used in lookup field assignments, e.g. it will turn 'account' into 'accounts'.&#xA;If the flow errors, the output isError will be set to true, so you can check for that value in a condition or an if expression, and get the error text from the Error output." />
      </Descriptions>
    </Workflow>
    <Workflow WorkflowId="{e348663e-71ac-ec11-983e-0022486d9ff7}" Name="FLOW_Child - Replace All Forbidden Characters in a Folder Path With Underscores" Description="This intent of this flow is to replace all characters that cannot be used in folder names in SharePoint and Windows with underscore character. This will help to avoid errors on folder creation.&#xA;Additionally, this flow can be used to replace any set of custom characters with any custom string thanks to the optional inputs.&#xA;If the flow errors, the output isError will be set to true, so you can check for that value in a condition or an if expression, and get the error text from the Error output.">
      <JsonFileName>/Workflows/FLOW_Child-ReplaceAllForbiddenCharactersinaFolderP-E348663E-71AC-EC11-983E-0022486D9FF7.json</JsonFileName>
      <Type>1</Type>
      <Subprocess>0</Subprocess>
      <Category>5</Category>
      <Mode>0</Mode>
      <Scope>4</Scope>
      <OnDemand>0</OnDemand>
      <TriggerOnCreate>0</TriggerOnCreate>
      <TriggerOnDelete>0</TriggerOnDelete>
      <AsyncAutodelete>0</AsyncAutodelete>
      <SyncWorkflowLogOnFailure>0</SyncWorkflowLogOnFailure>
      <StateCode>1</StateCode>
      <StatusCode>2</StatusCode>
      <RunAs>1</RunAs>
      <IsTransacted>1</IsTransacted>
      <IntroducedVersion>1.0.0.0</IntroducedVersion>
      <IsCustomizable>1</IsCustomizable>
      <IsCustomProcessingStepAllowedForOtherPublishers>1</IsCustomProcessingStepAllowedForOtherPublishers>
      <PrimaryEntity>none</PrimaryEntity>
      <LocalizedNames>
        <LocalizedName languagecode="1033" description="FLOW_Child - Replace All Forbidden Characters in a Folder Path With Underscores" />
      </LocalizedNames>
      <Descriptions>
        <Description languagecode="1033" description="This intent of this flow is to replace all characters that cannot be used in folder names in SharePoint and Windows with underscore character. This will help to avoid errors on folder creation.&#xA;Additionally, this flow can be used to replace any set of custom characters with any custom string thanks to the optional inputs.&#xA;If the flow errors, the output isError will be set to true, so you can check for that value in a condition or an if expression, and get the error text from the Error output." />
      </Descriptions>
    </Workflow>
  </Workflows>
  <FieldSecurityProfiles></FieldSecurityProfiles>
  <Templates />
  <EntityMaps />
  <EntityRelationships />
  <OrganizationSettings />
  <optionsets />
  <CustomControls />
  <EntityDataProviders />
  <connectionreferences>
    <connectionreference connectionreferencelogicalname="evxrm_CR_Dataverse">
      <connectionreferencedisplayname>CR_Dataverse</connectionreferencedisplayname>
      <connectorid>/providers/Microsoft.PowerApps/apis/shared_commondataserviceforapps</connectorid>
      <iscustomizable>1</iscustomizable>
      <statecode>0</statecode>
      <statuscode>1</statuscode>
    </connectionreference>
  </connectionreferences>
  <Languages>
    <Language>1033</Language>
  </Languages>
</ImportExportXml>