{
  "properties": {
    "connectionReferences": {
      "shared_commondataserviceforapps_1": {
        "runtimeSource": "embedded",
        "connection": {
          "connectionReferenceLogicalName": "evxrm_CR_Dataverse"
        },
        "api": {
          "name": "shared_commondataserviceforapps"
        }
      }
    },
    "definition": {
      "$schema": "https://schema.management.azure.com/providers/Microsoft.Logic/schemas/2016-06-01/workflowdefinition.json#",
      "contentVersion": "1.0.0.0",
      "parameters": {
        "$connections": {
          "defaultValue": {},
          "type": "Object"
        },
        "$authentication": {
          "defaultValue": {},
          "type": "SecureObject"
        }
      },
      "triggers": {
        "manual": {
          "metadata": {
            "operationMetadataId": "b9c44d78-8e52-451d-8382-d11e9675a585"
          },
          "type": "Request",
          "kind": "Button",
          "inputs": {
            "schema": {
              "type": "object",
              "properties": {
                "text": {
                  "title": "Entity ID (required)",
                  "type": "string",
                  "x-ms-dynamically-added": true,
                  "description": "Entity ID",
                  "x-ms-content-hint": "TEXT"
                },
                "text_1": {
                  "title": "Entity Type (required)",
                  "type": "string",
                  "x-ms-dynamically-added": true,
                  "description": "Entity Type",
                  "x-ms-content-hint": "TEXT"
                },
                "text_2": {
                  "title": "App ID (optional)",
                  "type": "string",
                  "x-ms-dynamically-added": true,
                  "description": "Please enter your input",
                  "x-ms-content-hint": "TEXT"
                },
                "text_3": {
                  "title": "HTML Link Display Text (Optional)",
                  "type": "string",
                  "x-ms-dynamically-added": true,
                  "description": "Please enter your input",
                  "x-ms-content-hint": "TEXT"
                }
              },
              "required": [
                "text",
                "text_1"
              ]
            }
          }
        }
      },
      "actions": {
        "Initialize_variable_-_Entity_ID": {
          "runAfter": {},
          "metadata": {
            "operationMetadataId": "cf3aca31-acc3-473c-8296-49d7c4e91273"
          },
          "type": "InitializeVariable",
          "inputs": {
            "variables": [
              {
                "name": "Entity ID",
                "type": "string",
                "value": "@triggerBody()['text']"
              }
            ]
          }
        },
        "Initialize_variable_-_HTML_Link_Display_Text": {
          "runAfter": {},
          "metadata": {
            "operationMetadataId": "9f3e8c99-2ba9-45bc-8848-5cdf3736bb3f"
          },
          "type": "InitializeVariable",
          "inputs": {
            "variables": [
              {
                "name": "HTML Link Display Text",
                "type": "string",
                "value": "@triggerBody()?['text_3']"
              }
            ]
          }
        },
        "Initialize_variable_-_direct_link_(no_html)": {
          "runAfter": {},
          "metadata": {
            "operationMetadataId": "a1eefdb0-1765-4831-95b8-2983a21b4685"
          },
          "type": "InitializeVariable",
          "inputs": {
            "variables": [
              {
                "name": "Direct Link",
                "type": "string"
              }
            ]
          }
        },
        "Initialize_variable_-_HTML_formatted_link": {
          "runAfter": {
            "Initialize_variable_-_direct_link_(no_html)": [
              "Succeeded"
            ]
          },
          "metadata": {
            "operationMetadataId": "99920869-fc37-4f22-84e3-8e74a31bd79f"
          },
          "type": "InitializeVariable",
          "inputs": {
            "variables": [
              {
                "name": "HTML Formatted Link",
                "type": "string"
              }
            ]
          }
        },
        "Initialize_variable_-_Entity_Set_Name": {
          "runAfter": {
            "Initialize_variable_-_HTML_Link_Display_Text": [
              "Succeeded"
            ]
          },
          "metadata": {
            "operationMetadataId": "5835b42d-c4fd-4429-8b7a-6e3a9baf295b"
          },
          "type": "InitializeVariable",
          "inputs": {
            "variables": [
              {
                "name": "Entity Set Name",
                "type": "string"
              }
            ]
          }
        },
        "Initialize_variable_-_App_ID": {
          "runAfter": {
            "Initialize_variable_-_Entity_Type": [
              "Succeeded"
            ]
          },
          "metadata": {
            "operationMetadataId": "e601bfad-90da-4651-bc9f-88686f9541dc"
          },
          "type": "InitializeVariable",
          "inputs": {
            "variables": [
              {
                "name": "App ID",
                "type": "string",
                "value": "@triggerBody()?['text_2']"
              }
            ]
          }
        },
        "Scope_-_retrieve_entity": {
          "actions": {
            "Scope_-_generate_entity_set_name": {
              "actions": {
                "Set_variable_-_Entity_Set_Name": {
                  "runAfter": {},
                  "metadata": {
                    "operationMetadataId": "0bdf4c29-cccd-4471-98c3-fe4129e8e8ee"
                  },
                  "type": "SetVariable",
                  "inputs": {
                    "name": "Entity Set Name",
                    "value": "@{concat(substring(variables('Entity Type'),0,sub(length(variables('Entity Type')),1)),if(equals(substring(variables('Entity Type'),sub(length(variables('Entity Type')),1),1),'s'),concat(substring(variables('Entity Type'),sub(length(variables('Entity Type')),1),1),'es'),if(equals(substring(variables('Entity Type'),sub(length(variables('Entity Type')),1),1),'y'),'ies',concat(substring(variables('Entity Type'),sub(length(variables('Entity Type')),1),1),'s'))))}"
                  }
                }
              },
              "runAfter": {},
              "metadata": {
                "operationMetadataId": "015b03e3-1600-4c40-a8d8-7348e0582f97"
              },
              "type": "Scope"
            },
            "Get_a_row_by_ID_-_get_the_entity": {
              "runAfter": {
                "Scope_-_generate_entity_set_name": [
                  "Succeeded"
                ]
              },
              "metadata": {
                "operationMetadataId": "5d820d0a-8da4-4873-bac9-2776db9b3b2a"
              },
              "type": "OpenApiConnection",
              "inputs": {
                "host": {
                  "connectionName": "shared_commondataserviceforapps_1",
                  "operationId": "GetItem",
                  "apiId": "/providers/Microsoft.PowerApps/apis/shared_commondataserviceforapps"
                },
                "parameters": {
                  "entityName": "@variables('Entity Set Name')",
                  "recordId": "@variables('Entity ID')"
                },
                "authentication": {
                  "type": "Raw",
                  "value": "@json(decodeBase64(triggerOutputs().headers['X-MS-APIM-Tokens']))['$ConnectionKey']"
                }
              }
            }
          },
          "runAfter": {
            "Initialize_variable_-_App_ID": [
              "Succeeded"
            ],
            "Initialize_variable_-_HTML_formatted_link": [
              "Succeeded"
            ],
            "Initialize_variable_-_Error": [
              "Succeeded"
            ]
          },
          "metadata": {
            "operationMetadataId": "f8bad6e1-9568-44b1-b802-596b0e58074c"
          },
          "type": "Scope"
        },
        "Set_variable_-_Error": {
          "runAfter": {
            "Scope_-_retrieve_entity": [
              "Failed"
            ]
          },
          "metadata": {
            "operationMetadataId": "c60a85f6-f780-4383-8367-66f60320bc16"
          },
          "type": "SetVariable",
          "inputs": {
            "name": "Error",
            "value": "Error - could not retrieve entity!\nError details:\n@{result('Scope_-_retrieve_entity')}"
          }
        },
        "Set_variable_-_direct_link_(no_html)": {
          "runAfter": {
            "Scope_-_retrieve_entity": [
              "Succeeded"
            ]
          },
          "metadata": {
            "operationMetadataId": "2864f596-eff2-45cc-af8b-bb05c3134f55"
          },
          "type": "SetVariable",
          "inputs": {
            "name": "Direct Link",
            "value": "@{concat(substring(outputs('Get_a_row_by_ID_-_get_the_entity')?['body/@odata.id'],0,add(indexof(replace(outputs('Get_a_row_by_ID_-_get_the_entity')?['body/@odata.id'],'https://',''),'/'),length('https://'))),'/main.aspx?etn=',variables('Entity Type'),if(not(equals(variables('App ID'),'')),concat('&appid=',variables('App ID')),''),'&pagetype=entityrecord&id=',variables('Entity ID'))}"
          }
        },
        "Set_variable_-_HTML_formatted_link": {
          "runAfter": {
            "Set_variable_-_direct_link_(no_html)": [
              "Succeeded"
            ]
          },
          "metadata": {
            "operationMetadataId": "1f1e0fe3-44a5-47f7-a763-51c940ff7df7"
          },
          "type": "SetVariable",
          "inputs": {
            "name": "HTML Formatted Link",
            "value": "@{concat('<a href=\"',variables('Direct Link'),'\">',if(not(equals(variables('HTML Link Display Text'),'')),variables('HTML Link Display Text'),variables('Direct Link')),'</a>')}"
          }
        },
        "Respond_to_a_PowerApp_or_flow": {
          "runAfter": {
            "Set_variable_-_Error": [
              "Succeeded",
              "Failed",
              "Skipped",
              "TimedOut"
            ],
            "Set_variable_-_HTML_formatted_link": [
              "Succeeded",
              "Failed",
              "Skipped",
              "TimedOut"
            ]
          },
          "metadata": {
            "operationMetadataId": "2c7223ae-4957-4d2a-b72f-84bf3f6030e5"
          },
          "type": "Response",
          "kind": "PowerApp",
          "inputs": {
            "statusCode": 200,
            "body": {
              "direct_link": "@variables('Direct Link')",
              "html_formatted_link": "@variables('HTML Formatted Link')",
              "error": "@variables('Error')",
              "iserror": "@not(equals(variables('Error'),''))"
            },
            "schema": {
              "type": "object",
              "properties": {
                "direct_link": {
                  "title": "Direct Link",
                  "x-ms-dynamically-added": true,
                  "type": "string"
                },
                "html_formatted_link": {
                  "title": "HTML Formatted Link",
                  "x-ms-dynamically-added": true,
                  "type": "string"
                },
                "error": {
                  "title": "Error",
                  "x-ms-dynamically-added": true,
                  "type": "string"
                },
                "iserror": {
                  "title": "IsError",
                  "x-ms-dynamically-added": true,
                  "type": "boolean"
                }
              }
            }
          }
        },
        "Initialize_variable_-_Entity_Type": {
          "runAfter": {
            "Initialize_variable_-_Entity_ID": [
              "Succeeded"
            ]
          },
          "metadata": {
            "operationMetadataId": "afce9743-8ddf-4c62-aee7-44ccc299396b"
          },
          "type": "InitializeVariable",
          "inputs": {
            "variables": [
              {
                "name": "Entity Type",
                "type": "string",
                "value": "@triggerBody()['text_1']"
              }
            ]
          }
        },
        "Initialize_variable_-_Error": {
          "runAfter": {
            "Initialize_variable_-_Entity_Set_Name": [
              "Succeeded"
            ]
          },
          "metadata": {
            "operationMetadataId": "9c9764f6-ab26-4c8f-9ff4-c9e34eb35344"
          },
          "type": "InitializeVariable",
          "inputs": {
            "variables": [
              {
                "name": "Error",
                "type": "string"
              }
            ]
          }
        }
      }
    },
    "templateName": ""
  },
  "schemaVersion": "1.0.0.0"
}