{
  "properties": {
    "connectionReferences": {},
    "definition": {
      "$schema": "https://schema.management.azure.com/providers/Microsoft.Logic/schemas/2016-06-01/workflowdefinition.json#",
      "contentVersion": "1.0.0.0",
      "parameters": {
        "$authentication": {
          "defaultValue": {},
          "type": "SecureObject"
        }
      },
      "triggers": {
        "manual": {
          "metadata": {
            "operationMetadataId": "326c0d93-53da-4037-a31d-f12f2cc8af32"
          },
          "type": "Request",
          "kind": "Button",
          "inputs": {
            "schema": {
              "type": "object",
              "properties": {
                "text": {
                  "title": "String",
                  "type": "string",
                  "x-ms-dynamically-added": true,
                  "description": "Input",
                  "x-ms-content-hint": "TEXT"
                },
                "text_1": {
                  "title": "Characters to replace (Optional)",
                  "type": "string",
                  "x-ms-dynamically-added": true,
                  "description": "Provide a string of characters to replace. No format or separation is expected, e.g. *&@# is a valid input with 4 characters. If empty, the following characters will be replaced: .\"*:<>?/|\\#%&*:{}",
                  "x-ms-content-hint": "TEXT"
                },
                "text_2": {
                  "title": "New Character (Optional)",
                  "type": "string",
                  "x-ms-dynamically-added": true,
                  "description": "Provide a character (or a string) to use as a replacement. No formatting is expected. Default value is _",
                  "x-ms-content-hint": "TEXT"
                }
              },
              "required": [
                "text"
              ]
            }
          }
        }
      },
      "actions": {
        "Initialize_variable_-_Replacement_Character": {
          "runAfter": {
            "Initialize_Variable_-_Invalid_Characters": [
              "Succeeded"
            ]
          },
          "metadata": {
            "operationMetadataId": "bbd32ec1-e5be-4cea-83d2-3a50a0e1f1c1"
          },
          "type": "InitializeVariable",
          "inputs": {
            "variables": [
              {
                "name": "Replacement Character",
                "type": "string",
                "value": "_"
              }
            ]
          }
        },
        "Initialize_variable_-_Result": {
          "runAfter": {},
          "metadata": {
            "operationMetadataId": "690ad076-858a-4602-8610-d04eb3fead74"
          },
          "type": "InitializeVariable",
          "inputs": {
            "variables": [
              {
                "name": "Result",
                "type": "string",
                "value": "@triggerBody()['text']"
              }
            ]
          }
        },
        "Initialize_variable_-_Error": {
          "runAfter": {
            "Initialize_variable_-_Result": [
              "Succeeded"
            ]
          },
          "metadata": {
            "operationMetadataId": "549d1517-c611-412d-b1ba-e78963b427a8"
          },
          "type": "InitializeVariable",
          "inputs": {
            "variables": [
              {
                "name": "Error",
                "type": "string"
              }
            ]
          }
        },
        "Initialize_variable_-_isError": {
          "runAfter": {
            "Initialize_variable_-_Error": [
              "Succeeded"
            ]
          },
          "metadata": {
            "operationMetadataId": "26920a61-7da7-4af2-94ec-f2456d92c0b2"
          },
          "type": "InitializeVariable",
          "inputs": {
            "variables": [
              {
                "name": "isError",
                "type": "boolean",
                "value": "@false"
              }
            ]
          }
        },
        "Initialize_Variable_-_Invalid_Characters": {
          "runAfter": {},
          "metadata": {
            "operationMetadataId": "513d8b14-dd1e-43ad-8aa6-60743eeb5be5"
          },
          "type": "InitializeVariable",
          "inputs": {
            "variables": [
              {
                "name": "Invalid Characters",
                "type": "array"
              }
            ]
          }
        },
        "Respond_to_a_PowerApp_or_flow": {
          "runAfter": {
            "Set_variable_-_isError_to_true": [
              "Succeeded",
              "Failed",
              "Skipped",
              "TimedOut"
            ]
          },
          "metadata": {
            "operationMetadataId": "27a7d55c-20da-4e12-a7a6-4d56c025f010"
          },
          "type": "Response",
          "kind": "PowerApp",
          "inputs": {
            "statusCode": 200,
            "body": {
              "stringoutput": "@variables('Result')",
              "error": "@variables('Error')",
              "iserror": "@{variables('isError')}"
            },
            "schema": {
              "type": "object",
              "properties": {
                "stringoutput": {
                  "title": "StringOutput",
                  "x-ms-dynamically-added": true,
                  "type": "string"
                },
                "error": {
                  "title": "Error",
                  "x-ms-dynamically-added": true,
                  "type": "string"
                },
                "iserror": {
                  "title": "isError",
                  "x-ms-dynamically-added": true,
                  "type": "string"
                }
              }
            }
          }
        },
        "Scope_-_process_and_catch_error": {
          "actions": {
            "Scope_-_Process_Input": {
              "actions": {
                "Condition_-_are_there_custom_invalid_characters": {
                  "actions": {
                    "Set_variable_-_Invalid_Characters_to_the_default_value": {
                      "runAfter": {},
                      "metadata": {
                        "operationMetadataId": "f6797004-0f7b-43ef-82c3-cc18961537cf"
                      },
                      "type": "SetVariable",
                      "inputs": {
                        "name": "Invalid Characters",
                        "value": "@createArray('.','\"','*',':','<','>','?','/','|','\\','#','%','&','*',':','{','}')"
                      }
                    }
                  },
                  "runAfter": {},
                  "else": {
                    "actions": {
                      "Select_-_Map_each_characters_to_an_array": {
                        "runAfter": {},
                        "metadata": {
                          "operationMetadataId": "be12fadb-efcc-45c7-b734-f688c27d7722"
                        },
                        "type": "Select",
                        "inputs": {
                          "from": "@range(0, length(triggerBody()['text_1']))",
                          "select": "@substring(triggerBody()['text_1'], item(), 1)"
                        }
                      },
                      "Set_variable_-_Invalid_Characters_to_the_custom_value": {
                        "runAfter": {
                          "Select_-_Map_each_characters_to_an_array": [
                            "Succeeded"
                          ]
                        },
                        "metadata": {
                          "operationMetadataId": "b555b1da-28e6-4925-8ebf-3b63cb38b1bf"
                        },
                        "type": "SetVariable",
                        "inputs": {
                          "name": "Invalid Characters",
                          "value": "@body('Select_-_Map_each_characters_to_an_array')"
                        }
                      }
                    }
                  },
                  "expression": {
                    "equals": [
                      "@triggerBody()?['text_1']",
                      "@null"
                    ]
                  },
                  "metadata": {
                    "operationMetadataId": "2cf3387a-fd19-466d-ac46-92b99233c4de"
                  },
                  "type": "If"
                },
                "Condition_-_are_there_custom_replacement_characters": {
                  "actions": {},
                  "runAfter": {
                    "Condition_-_are_there_custom_invalid_characters": [
                      "Succeeded"
                    ]
                  },
                  "else": {
                    "actions": {
                      "Set_variable_-_Replacement_Character_to_Custom_Replacement_Character": {
                        "runAfter": {},
                        "metadata": {
                          "operationMetadataId": "2164b5ca-151d-413b-bcd9-435725dda882"
                        },
                        "type": "SetVariable",
                        "inputs": {
                          "name": "Replacement Character",
                          "value": "@{triggerBody()['text_2']}"
                        }
                      }
                    }
                  },
                  "expression": {
                    "equals": [
                      "@triggerBody()?['text_2']",
                      "@null"
                    ]
                  },
                  "metadata": {
                    "operationMetadataId": "1ee01138-f831-4413-a732-3ccaac50792e"
                  },
                  "type": "If"
                }
              },
              "runAfter": {},
              "metadata": {
                "operationMetadataId": "6f07c650-9832-4042-9468-941ccdff17fa"
              },
              "type": "Scope"
            },
            "Scope_-_Replace_the_invalid_characters_by_the_new_characters_v2": {
              "actions": {
                "Select_-_tokenize_the_input": {
                  "runAfter": {},
                  "metadata": {
                    "operationMetadataId": "0eb4ad53-f024-4025-981b-ecdce743acc3"
                  },
                  "type": "Select",
                  "inputs": {
                    "from": "@range(0, length(triggerBody()['text']))",
                    "select": "@substring(triggerBody()['text'], item(), 1)"
                  }
                },
                "Select_-_do_the_magic": {
                  "runAfter": {
                    "Select_-_tokenize_the_input": [
                      "Succeeded"
                    ]
                  },
                  "metadata": {
                    "operationMetadataId": "d023afdc-c8e5-4300-97f8-6e1c0b4d7d85"
                  },
                  "type": "Select",
                  "inputs": {
                    "from": "@body('Select_-_tokenize_the_input')",
                    "select": "@if(contains(variables('Invalid Characters'),item()), variables('Replacement Character'), item())"
                  }
                },
                "Set_variable_-_Result": {
                  "runAfter": {
                    "Select_-_do_the_magic": [
                      "Succeeded"
                    ]
                  },
                  "metadata": {
                    "operationMetadataId": "ac73ec15-49d2-4ec8-ad9e-badf2d560502"
                  },
                  "type": "SetVariable",
                  "inputs": {
                    "name": "Result",
                    "value": "@{join(body('Select_-_do_the_magic'),'')}"
                  }
                }
              },
              "runAfter": {
                "Scope_-_Process_Input": [
                  "Succeeded"
                ]
              },
              "metadata": {
                "operationMetadataId": "8de8ca66-a85c-4b76-8961-3564aac80bd7"
              },
              "type": "Scope"
            }
          },
          "runAfter": {
            "Initialize_variable_-_isError": [
              "Succeeded"
            ],
            "Initialize_variable": [
              "Succeeded"
            ]
          },
          "metadata": {
            "operationMetadataId": "fffbfdcc-881b-41e5-9ab5-aa080e662e62"
          },
          "type": "Scope"
        },
        "Set_variable_-_Error": {
          "runAfter": {
            "Scope_-_process_and_catch_error": [
              "Skipped",
              "Failed",
              "TimedOut"
            ]
          },
          "metadata": {
            "operationMetadataId": "dc7123d4-7471-40c7-b7ab-c10f0f1cb992"
          },
          "type": "SetVariable",
          "inputs": {
            "name": "Error",
            "value": "@{result('Scope_-_process_and_catch_error')}"
          }
        },
        "Set_variable_-_isError_to_true": {
          "runAfter": {
            "Set_variable_-_Error": [
              "Succeeded"
            ]
          },
          "metadata": {
            "operationMetadataId": "34648daa-96f8-42d7-8060-ae00415dacfc"
          },
          "type": "SetVariable",
          "inputs": {
            "name": "isError",
            "value": "@true"
          }
        },
        "Initialize_variable": {
          "runAfter": {
            "Initialize_variable_-_Replacement_Character": [
              "Succeeded"
            ]
          },
          "metadata": {
            "operationMetadataId": "f6dad083-fd58-47fd-b258-fc74d1e10c04"
          },
          "type": "InitializeVariable",
          "inputs": {
            "variables": [
              {
                "name": "Input Tokenized",
                "type": "array"
              }
            ]
          }
        }
      }
    },
    "templateName": ""
  },
  "schemaVersion": "1.0.0.0"
}