{
  "properties": {
    "connectionReferences": {},
    "definition": {
      "$schema": "https://schema.management.azure.com/providers/Microsoft.Logic/schemas/2016-06-01/workflowdefinition.json#",
      "contentVersion": "1.0.0.0",
      "parameters": {
        "$authentication": {
          "defaultValue": {},
          "type": "SecureObject"
        }
      },
      "triggers": {
        "manual": {
          "metadata": {
            "operationMetadataId": "7862a5f2-4611-4510-bae3-06933c166d28"
          },
          "type": "Request",
          "kind": "Button",
          "inputs": {
            "schema": {
              "type": "object",
              "properties": {
                "text": {
                  "title": "Entity Type",
                  "type": "string",
                  "x-ms-dynamically-added": true,
                  "description": "Entity Type",
                  "x-ms-content-hint": "TEXT"
                }
              },
              "required": [
                "text"
              ]
            }
          }
        }
      },
      "actions": {
        "Initialize_variable_-_Suffix": {
          "runAfter": {
            "Initialize_variable_-_Root": [
              "Succeeded"
            ]
          },
          "metadata": {
            "operationMetadataId": "ec18d06f-2796-41e2-b0c7-dd12286d6fb2"
          },
          "type": "InitializeVariable",
          "inputs": {
            "variables": [
              {
                "name": "Suffix",
                "type": "string",
                "value": "@{substring(triggerBody()['text'],sub(length(triggerBody()['text']),1),1)}"
              }
            ]
          }
        },
        "Initialize_variable_-_Root": {
          "runAfter": {},
          "metadata": {
            "operationMetadataId": "d9c2c91f-10e6-4b70-bc89-84ae062e3765"
          },
          "type": "InitializeVariable",
          "inputs": {
            "variables": [
              {
                "name": "Root",
                "type": "string",
                "value": "@{substring(triggerBody()['text'],0,sub(length(triggerBody()['text']),1))}"
              }
            ]
          }
        },
        "Scope_-_compose_the_set_name": {
          "actions": {
            "Compose": {
              "runAfter": {},
              "metadata": {
                "operationMetadataId": "0af84005-e7c8-4698-906e-2fb540ad363f"
              },
              "type": "Compose",
              "inputs": "@concat(variables('Root'),if(equals(variables('Suffix'),'s'),concat(variables('Suffix'),'es'),if(equals(variables('Suffix'),'y'),'ies',concat(variables('Suffix'),'s'))))"
            }
          },
          "runAfter": {
            "Initialize_variable_-_Set_Name": [
              "Succeeded"
            ]
          },
          "metadata": {
            "operationMetadataId": "a36507e0-b248-4c2b-bd44-54b9de9f7137"
          },
          "type": "Scope"
        },
        "Initialize_variable_-_Error": {
          "runAfter": {
            "Initialize_variable_-_Suffix": [
              "Succeeded"
            ]
          },
          "metadata": {
            "operationMetadataId": "f481a120-6dcd-4649-a16d-ac7e6aa691a2"
          },
          "type": "InitializeVariable",
          "inputs": {
            "variables": [
              {
                "name": "Error",
                "type": "string"
              }
            ]
          }
        },
        "Set_variable_-_Error": {
          "runAfter": {
            "Scope_-_compose_the_set_name": [
              "Skipped",
              "Failed"
            ]
          },
          "metadata": {
            "operationMetadataId": "74027a6e-a56d-4036-8783-13ab30f528fc"
          },
          "type": "SetVariable",
          "inputs": {
            "name": "Error",
            "value": "@{result('Scope_-_compose_the_set_name')}"
          }
        },
        "Set_variable_-_Set_Name": {
          "runAfter": {
            "Scope_-_compose_the_set_name": [
              "Succeeded"
            ]
          },
          "metadata": {
            "operationMetadataId": "44ab360f-b53a-40ef-8dbe-fc14b9116021"
          },
          "type": "SetVariable",
          "inputs": {
            "name": "Set Name",
            "value": "@{outputs('Compose')}"
          }
        },
        "Respond_to_a_PowerApp_or_flow": {
          "runAfter": {
            "Set_variable_-_Set_Name": [
              "Succeeded",
              "Failed",
              "Skipped",
              "TimedOut"
            ],
            "Set_variable_-_Error": [
              "Succeeded",
              "Failed",
              "Skipped",
              "TimedOut"
            ]
          },
          "metadata": {
            "operationMetadataId": "3940ff9d-188a-4364-a2af-2f57d1825874"
          },
          "type": "Response",
          "kind": "PowerApp",
          "inputs": {
            "statusCode": 200,
            "body": {
              "set_name": "@{outputs('Compose')}",
              "error": "@variables('Error')",
              "iserror": "@if(equals(variables('Error'),''),false,true)"
            },
            "schema": {
              "type": "object",
              "properties": {
                "set_name": {
                  "title": "Set Name",
                  "x-ms-dynamically-added": true,
                  "type": "string"
                },
                "error": {
                  "title": "Error",
                  "x-ms-dynamically-added": true,
                  "type": "string"
                },
                "iserror": {
                  "title": "isError",
                  "x-ms-dynamically-added": true,
                  "type": "boolean"
                }
              }
            }
          }
        },
        "Initialize_variable_-_Set_Name": {
          "runAfter": {
            "Initialize_variable_-_Error": [
              "Succeeded"
            ]
          },
          "metadata": {
            "operationMetadataId": "cff75935-5440-4487-8ee4-1151fe7ac521"
          },
          "type": "InitializeVariable",
          "inputs": {
            "variables": [
              {
                "name": "Set Name",
                "type": "string"
              }
            ]
          }
        }
      }
    },
    "templateName": null
  },
  "schemaVersion": "1.0.0.0"
}